,dez./2021,jan./2022,fev./2022,mar./2022,abr./2022,mai./2022,jun./2022,jul./2022,ago./2022,set./2022,out./2022,nov./2022,dez./2022,jan./2023,fev./2023,mar./2023,abr./2023,mai./2023,jun./2023,jul./2023,ago./2023,set./2023,out./2023,nov./2023,dez./2023,jan./2024,fev./2024,mar./2024,abr./2024,mai./2024,jun./2024,jul./2024,ago./2024,set./2024,out./2024,nov./2024,dez./2024,jan./2025,fev./2025,mar./2025,abr./2025,mai./2025,jun./2025,jul./2025,ago./2025,set./2025,out./2025,nov./2025,dez./2025,jan./2026,fev./2026,mar./2026,abr./2026,mai./2026,jun./2026,jul./2026,ago./2026,set./2026,out./2026,nov./2026,dez./2026
,Mês 1,Mês 2,Mês 3,Mês 4,Mês 5,Mês 6,Mês 7,Mês 8,Mês 9,Mês 10,Mês 11,Mês 12,Mês 13,Mês 14,Mês 15,Mês 16,Mês 17,Mês 18,Mês 19,Mês 20,Mês 21,Mês 22,Mês 23,Mês 24,Mês 25,Mês 26,Mês 27,Mês 28,Mês 29,Mês 30,Mês 31,Mês 32,Mês 33,Mês 34,Mês 35,Mês 36,Mês 37,Mês 38,Mês 39,Mês 40,Mês 41,Mês 42,Mês 43,Mês 44,Mês 45,Mês 46,Mês 47,Mês 48,Mês 49,Mês 50,Mês 51,Mês 52,Mês 53,Mês 54,Mês 55,Mês 56,Mês 57,Mês 58,Mês 59,Mês 60,Mês 61
Receita Bruta,R$ 114.292,R$ 120.890,R$ 128.250,R$ 135.369,R$ 143.320,R$ 152.137,R$ 160.738,R$ 175.196,R$ 189.005,R$ 204.896,R$ 222.299,R$ 240.609,R$ 209.767,R$ 210.722,R$ 230.339,R$ 245.683,R$ 260.085,R$ 273.810,R$ 287.068,R$ 300.036,R$ 323.325,R$ 333.578,R$ 348.137,R$ 370.924,R$ 382.380,R$ 406.742,R$ 434.549,R$ 476.393,R$ 490.277,R$ 535.348,R$ 553.356,R$ 601.739,R$ 622.195,R$ 674.728,R$ 694.837,R$ 748.989,R$ 770.402,R$ 825.958,R$ 871.669,R$ 920.235,R$ 970.814,R$ 1.022.868,R$ 1.076.061,R$ 1.130.182,R$ 1.185.109,R$ 1.240.769,R$ 1.297.128,R$ 1.354.169,R$ 1.411.890,R$ 1.470.299,R$ 1.529.407,R$ 1.589.230,R$ 1.649.783,R$ 1.707.405,R$ 1.765.685,R$ 1.824.642,R$ 1.884.293,R$ 1.944.658,R$ 2.005.755,R$ 2.067.602,R$ 2.130.221
Crescimento MoM,,9%,6%,6%,5%,6%,6%,5%,7%,9%,9%,9%,-11%,3%,8%,7%,6%,5%,5%,5%,6%,5%,4%,5%,5%,5%,5%,7%,6%,7%,6%,7%,6%,6%,5%,6%,5%,6%,6%,6%,6%,6%,5%,5%,5%,5%,5%,5%,4%,4%,4%,4%,4%,4%,3%,3%,3%,3%,3%,3%,3%
MRR,R$ 106.547,R$ 115.890,R$ 123.250,R$ 130.369,R$ 137.320,R$ 146.137,R$ 154.738,R$ 163.196,R$ 175.005,R$ 190.896,R$ 208.299,R$ 226.609,R$ 201.467,R$ 207.722,R$ 224.339,R$ 239.683,R$ 254.085,R$ 267.810,R$ 281.068,R$ 294.036,R$ 310.325,R$ 325.578,R$ 340.137,R$ 357.924,R$ 374.380,R$ 393.742,R$ 414.549,R$ 444.393,R$ 470.277,R$ 503.348,R$ 533.356,R$ 569.739,R$ 602.195,R$ 640.728,R$ 674.837,R$ 714.989,R$ 750.402,R$ 791.958,R$ 837.669,R$ 886.235,R$ 936.814,R$ 988.868,R$ 1.042.061,R$ 1.096.182,R$ 1.151.109,R$ 1.206.769,R$ 1.263.128,R$ 1.320.169,R$ 1.377.890,R$ 1.436.299,R$ 1.495.407,R$ 1.555.230,R$ 1.615.783,R$ 1.673.405,R$ 1.731.685,R$ 1.790.642,R$ 1.850.293,R$ 1.910.658,R$ 1.971.755,R$ 2.033.602,R$ 2.096.221
Setup/Serviços,R$ 7.745,R$ 5.000,R$ 5.000,R$ 5.000,R$ 6.000,R$ 6.000,R$ 6.000,R$ 12.000,R$ 14.000,R$ 14.000,R$ 14.000,R$ 14.000,R$ 8.300,R$ 3.000,R$ 6.000,R$ 6.000,R$ 6.000,R$ 6.000,R$ 6.000,R$ 6.000,R$ 13.000,R$ 8.000,R$ 8.000,R$ 13.000,R$ 8.000,R$ 13.000,R$ 20.000,R$ 32.000,R$ 20.000,R$ 32.000,R$ 20.000,R$ 32.000,R$ 20.000,R$ 34.000,R$ 20.000,R$ 34.000,R$ 20.000,R$ 34.000,R$ 34.000,R$ 34.000,R$ 34.000,R$ 34.000,R$ 34.000,R$ 34.000,R$ 34.000,R$ 34.000,R$ 34.000,R$ 34.000,R$ 34.000,R$ 34.000,R$ 34.000,R$ 34.000,R$ 34.000,R$ 34.000,R$ 34.000,R$ 34.000,R$ 34.000,R$ 34.000,R$ 34.000,R$ 34.000,R$ 34.000
Receita Líquida,R$ 114.162,R$ 120.749,R$ 128.100,R$ 135.210,R$ 143.152,R$ 151.959,R$ 160.549,R$ 174.997,R$ 188.792,R$ 204.664,R$ 222.045,R$ 240.332,R$ 209.583,R$ 210.528,R$ 230.131,R$ 245.463,R$ 259.854,R$ 273.570,R$ 286.820,R$ 299.780,R$ 323.060,R$ 333.306,R$ 347.857,R$ 370.636,R$ 382.085,R$ 406.439,R$ 434.236,R$ 476.068,R$ 489.941,R$ 534.999,R$ 552.993,R$ 601.362,R$ 621.804,R$ 674.323,R$ 694.418,R$ 748.555,R$ 769.954,R$ 825.495,R$ 871.190,R$ 919.740,R$ 970.303,R$ 1.022.342,R$ 1.075.518,R$ 1.129.623,R$ 1.184.533,R$ 1.240.178,R$ 1.296.520,R$ 1.353.545,R$ 1.411.250,R$ 1.469.643,R$ 1.528.735,R$ 1.588.541,R$ 1.649.079,R$ 1.706.686,R$ 1.764.952,R$ 1.823.895,R$ 1.883.533,R$ 1.943.884,R$ 2.004.967,R$ 2.066.801,R$ 2.129.406
Deduções,R$ 130,R$ 141,R$ 150,R$ 159,R$ 168,R$ 178,R$ 189,R$ 199,R$ 214,R$ 233,R$ 254,R$ 276,R$ 184,R$ 195,R$ 208,R$ 220,R$ 230,R$ 240,R$ 248,R$ 257,R$ 265,R$ 273,R$ 280,R$ 288,R$ 295,R$ 303,R$ 313,R$ 325,R$ 336,R$ 350,R$ 362,R$ 377,R$ 390,R$ 405,R$ 419,R$ 434,R$ 448,R$ 463,R$ 478,R$ 494,R$ 510,R$ 527,R$ 543,R$ 559,R$ 575,R$ 592,R$ 608,R$ 624,R$ 640,R$ 656,R$ 672,R$ 689,R$ 705,R$ 719,R$ 733,R$ 746,R$ 760,R$ 774,R$ 788,R$ 802,R$ 816
IOF,R$ 0,R$ 0,R$ 0,R$ 0,R$ 0,R$ 0,R$ 0,R$ 0,R$ 0,R$ 0,R$ 0,R$ 0,R$ 0,R$ 0,R$ 0,R$ 0,R$ 0,R$ 0,R$ 0,R$ 0,R$ 0,R$ 0,R$ 0,R$ 0,R$ 0,R$ 0,R$ 0,R$ 0,R$ 0,R$ 0,R$ 0,R$ 0,R$ 0,R$ 0,R$ 0,R$ 0,R$ 0,R$ 0,R$ 0,R$ 0,R$ 0,R$ 0,R$ 0,R$ 0,R$ 0,R$ 0,R$ 0,R$ 0,R$ 0,R$ 0,R$ 0,R$ 0,R$ 0,R$ 0,R$ 0,R$ 0,R$ 0,R$ 0,R$ 0,R$ 0,R$ 0
Custos,R$ 30.545,R$ 32.199,R$ 33.052,R$ 35.481,R$ 35.715,R$ 34.276,R$ 39.283,R$ 44.319,R$ 38.209,R$ 42.003,R$ 55.421,R$ 51.944,R$ 44.549,R$ 45.173,R$ 51.186,R$ 53.879,R$ 53.951,R$ 57.846,R$ 61.160,R$ 64.166,R$ 65.196,R$ 71.380,R$ 73.074,R$ 74.039,R$ 80.171,R$ 79.901,R$ 81.132,R$ 83.945,R$ 86.843,R$ 88.479,R$ 91.326,R$ 95.858,R$ 97.565,R$ 100.632,R$ 101.145,R$ 105.721,R$ 108.703,R$ 109.340,R$ 111.281,R$ 117.211,R$ 117.992,R$ 122.733,R$ 125.996,R$ 130.787,R$ 132.822,R$ 138.800,R$ 139.600,R$ 145.611,R$ 151.577,R$ 155.079,R$ 161.076,R$ 167.029,R$ 170.518,R$ 172.267,R$ 179.226,R$ 182.451,R$ 186.902,R$ 193.849,R$ 197.062,R$ 201.500,R$ 208.435
Cloud,R$ 12.350,R$ 13.433,R$ 14.286,R$ 15.111,R$ 15.917,R$ 16.939,R$ 12.368,R$ 17.417,R$ 11.279,R$ 11.719,R$ 24.144,R$ 26.267,R$ 22.500,R$ 24.354,R$ 26.025,R$ 27.488,R$ 28.790,R$ 29.970,R$ 31.054,R$ 32.067,R$ 33.097,R$ 34.066,R$ 34.990,R$ 35.955,R$ 36.872,R$ 37.832,R$ 39.063,R$ 40.646,R$ 42.059,R$ 43.695,R$ 45.312,R$ 47.089,R$ 48.796,R$ 50.633,R$ 52.376,R$ 54.237,R$ 55.989,R$ 57.856,R$ 59.797,R$ 61.782,R$ 63.793,R$ 65.819,R$ 67.852,R$ 69.888,R$ 71.923,R$ 73.956,R$ 75.986,R$ 78.012,R$ 80.033,R$ 82.050,R$ 84.062,R$ 86.070,R$ 88.074,R$ 89.823,R$ 91.567,R$ 93.307,R$ 95.043,R$ 96.775,R$ 98.503,R$ 100.226,R$ 101.946
Stonly,,,,,,,R$ 338,R$ 324,R$ 352,R$ 356,R$ 350,R$ 350,R$ 350,R$ 350,R$ 350,R$ 350,R$ 350,R$ 350,R$ 350,R$ 350,R$ 350,R$ 350,R$ 350,R$ 350,R$ 350,R$ 350,R$ 350,R$ 350,R$ 350,R$ 350,R$ 350,R$ 350,R$ 350,R$ 350,R$ 350,R$ 350,R$ 350,R$ 350,R$ 350,R$ 350,R$ 350,R$ 350,R$ 350,R$ 350,R$ 350,R$ 350,R$ 350,R$ 350,R$ 350,R$ 350,R$ 350,R$ 350,R$ 350,R$ 350,R$ 350,R$ 350,R$ 350,R$ 350,R$ 350,R$ 350,R$ 350
CS,R$ 14.850,R$ 15.300,R$ 15.300,R$ 16.350,R$ 15.900,R$ 14.100,R$ 21.100,R$ 21.100,R$ 21.100,R$ 23.600,R$ 24.600,R$ 21.200,R$ 17.800,R$ 17.800,R$ 21.400,R$ 21.400,R$ 21.400,R$ 23.400,R$ 23.400,R$ 25.800,R$ 25.800,R$ 28.800,R$ 30.800,R$ 30.800,R$ 33.800,R$ 33.800,R$ 33.800,R$ 33.800,R$ 35.800,R$ 35.800,R$ 35.800,R$ 38.800,R$ 38.800,R$ 38.800,R$ 38.800,R$ 40.800,R$ 40.800,R$ 40.800,R$ 40.800,R$ 42.800,R$ 42.800,R$ 44.800,R$ 44.800,R$ 47.800,R$ 47.800,R$ 49.800,R$ 49.800,R$ 52.800,R$ 54.800,R$ 56.800,R$ 59.800,R$ 61.800,R$ 63.800,R$ 63.800,R$ 66.800,R$ 68.800,R$ 70.800,R$ 73.800,R$ 75.800,R$ 77.800,R$ 80.800
INSS,R$ 1.021,R$ 1.079,R$ 1.079,R$ 1.346,R$ 1.287,R$ 1.053,R$ 1.963,R$ 1.963,R$ 1.963,R$ 2.288,R$ 2.288,R$ 1.313,R$ 936,R$ 936,R$ 1.209,R$ 1.209,R$ 1.209,R$ 1.469,R$ 1.469,R$ 1.781,R$ 1.781,R$ 2.171,R$ 2.171,R$ 2.171,R$ 2.561,R$ 2.561,R$ 2.561,R$ 2.561,R$ 2.821,R$ 2.821,R$ 2.821,R$ 3.211,R$ 3.211,R$ 3.211,R$ 3.211,R$ 3.471,R$ 3.471,R$ 3.471,R$ 3.471,R$ 3.731,R$ 3.731,R$ 3.991,R$ 3.991,R$ 4.381,R$ 4.381,R$ 4.641,R$ 4.641,R$ 5.031,R$ 5.291,R$ 5.551,R$ 5.941,R$ 6.201,R$ 6.461,R$ 6.461,R$ 6.851,R$ 7.111,R$ 7.371,R$ 7.761,R$ 8.021,R$ 8.281,R$ 8.671
FGTS,R$ 628,R$ 664,R$ 664,R$ 828,R$ 792,R$ 648,R$ 1.208,R$ 1.208,R$ 1.208,R$ 1.408,R$ 1.408,R$ 808,R$ 576,R$ 576,R$ 744,R$ 744,R$ 744,R$ 904,R$ 904,R$ 1.096,R$ 1.096,R$ 1.336,R$ 1.336,R$ 1.336,R$ 1.576,R$ 1.576,R$ 1.576,R$ 1.576,R$ 1.736,R$ 1.736,R$ 1.736,R$ 1.976,R$ 1.976,R$ 1.976,R$ 1.976,R$ 2.136,R$ 2.136,R$ 2.136,R$ 2.136,R$ 2.296,R$ 2.296,R$ 2.456,R$ 2.456,R$ 2.696,R$ 2.696,R$ 2.856,R$ 2.856,R$ 3.096,R$ 3.256,R$ 3.416,R$ 3.656,R$ 3.816,R$ 3.976,R$ 3.976,R$ 4.216,R$ 4.376,R$ 4.536,R$ 4.776,R$ 4.936,R$ 5.096,R$ 5.336
IRRF,R$ 471,R$ 498,R$ 498,R$ 621,R$ 594,R$ 486,R$ 906,R$ 906,R$ 906,R$ 1.056,R$ 1.056,R$ 606,R$ 432,R$ 432,R$ 558,R$ 558,R$ 558,R$ 678,R$ 678,R$ 822,R$ 822,R$ 1.002,R$ 1.002,R$ 1.002,R$ 1.182,R$ 1.182,R$ 1.182,R$ 1.182,R$ 1.302,R$ 1.302,R$ 1.302,R$ 1.482,R$ 1.482,R$ 1.482,R$ 1.482,R$ 1.602,R$ 1.602,R$ 1.602,R$ 1.602,R$ 1.722,R$ 1.722,R$ 1.842,R$ 1.842,R$ 2.022,R$ 2.022,R$ 2.142,R$ 2.142,R$ 2.322,R$ 2.442,R$ 2.562,R$ 2.742,R$ 2.862,R$ 2.982,R$ 2.982,R$ 3.162,R$ 3.282,R$ 3.402,R$ 3.582,R$ 3.702,R$ 3.822,R$ 4.002
Cloudflare,,,,,,,,,,,,,,,,,,,R$ 1.000,R$ 1.000,R$ 1.000,R$ 1.000,R$ 1.000,R$ 1.000,R$ 1.000,R$ 1.000,R$ 1.000,R$ 1.000,R$ 1.000,R$ 1.000,R$ 1.000,R$ 1.000,R$ 1.000,R$ 1.000,R$ 1.000,R$ 1.000,R$ 1.000,R$ 1.000,R$ 1.000,R$ 1.000,R$ 1.000,R$ 1.000,R$ 1.000,R$ 1.000,R$ 1.000,R$ 1.000,R$ 1.000,R$ 1.000,R$ 1.000,R$ 1.000,R$ 1.000,R$ 1.000,R$ 1.000,R$ 1.000,R$ 1.000,R$ 1.000,R$ 1.000,R$ 1.000,R$ 1.000,R$ 1.000,R$ 1.000
Zendesk,R$ 500,R$ 500,R$ 500,R$ 500,R$ 500,R$ 500,R$ 500,R$ 500,R$ 500,R$ 500,R$ 500,R$ 500,R$ 1.230,,,R$ 1.230,,,R$ 1.230,,,R$ 1.230,,,R$ 1.230,,,R$ 1.230,,,R$ 1.230,,,R$ 1.230,,,R$ 1.230,,,R$ 1.230,,,R$ 1.230,,,R$ 1.230,,,R$ 1.230,,,R$ 1.230,,,R$ 1.230,,,R$ 1.230,,,R$ 1.230
ClickUp,R$ 125,R$ 125,R$ 125,R$ 125,R$ 125,R$ 100,R$ 150,R$ 150,R$ 150,R$ 175,R$ 175,R$ 150,R$ 125,R$ 125,R$ 150,R$ 150,R$ 150,R$ 175,R$ 175,R$ 200,R$ 200,R$ 225,R$ 225,R$ 225,R$ 250,R$ 250,R$ 250,R$ 250,R$ 275,R$ 275,R$ 275,R$ 300,R$ 300,R$ 300,R$ 300,R$ 325,R$ 325,R$ 325,R$ 325,R$ 350,R$ 350,R$ 375,R$ 375,R$ 400,R$ 400,R$ 425,R$ 425,R$ 450,R$ 475,R$ 500,R$ 525,R$ 550,R$ 575,R$ 575,R$ 600,R$ 625,R$ 650,R$ 675,R$ 700,R$ 725,R$ 750
Pipedrive,R$ 600,R$ 600,R$ 600,R$ 600,R$ 600,R$ 450,R$ 750,R$ 750,R$ 750,R$ 900,R$ 900,R$ 750,R$ 600,R$ 600,R$ 750,R$ 750,R$ 750,R$ 900,R$ 900,R$ 1.050,R$ 1.050,R$ 1.200,R$ 1.200,R$ 1.200,R$ 1.350,R$ 1.350,R$ 1.350,R$ 1.350,R$ 1.500,R$ 1.500,R$ 1.500,R$ 1.650,R$ 1.650,R$ 1.650,R$ 1.650,R$ 1.800,R$ 1.800,R$ 1.800,R$ 1.800,R$ 1.950,R$ 1.950,R$ 2.100,R$ 2.100,R$ 2.250,R$ 2.250,R$ 2.400,R$ 2.400,R$ 2.550,R$ 2.700,R$ 2.850,R$ 3.000,R$ 3.150,R$ 3.300,R$ 3.300,R$ 3.450,R$ 3.600,R$ 3.750,R$ 3.900,R$ 4.050,R$ 4.200,R$ 4.350
,,,,,,,,,,,,,,,,,,,,,,,,,,,,,,,,,,,,,,,,,,,,,,,,,,,,,,,,,,,,,
,,,,,,,,,,,,,,,,,,,,,,,,,,,,,,,,,,,,,,,,,,,,,,,,,,,,,,,,,,,,,
Lucro Bruno,R$ 83.617,R$ 88.550,R$ 95.048,R$ 99.729,R$ 107.437,R$ 117.683,R$ 121.266,R$ 130.678,R$ 150.583,R$ 162.661,R$ 166.624,R$ 188.389,R$ 165.034,R$ 165.355,R$ 178.945,R$ 191.585,R$ 205.903,R$ 215.725,R$ 225.660,R$ 235.614,R$ 257.864,R$ 261.925,R$ 274.783,R$ 296.598,R$ 301.914,R$ 326.538,R$ 353.105,R$ 392.123,R$ 403.098,R$ 446.520,R$ 461.667,R$ 505.504,R$ 524.239,R$ 573.690,R$ 593.273,R$ 642.834,R$ 661.252,R$ 716.155,R$ 759.910,R$ 802.530,R$ 852.311,R$ 899.609,R$ 949.521,R$ 998.836,R$ 1.051.711,R$ 1.101.377,R$ 1.156.920,R$ 1.207.934,R$ 1.259.673,R$ 1.314.564,R$ 1.367.658,R$ 1.421.512,R$ 1.478.561,R$ 1.534.419,R$ 1.585.726,R$ 1.641.444,R$ 1.696.630,R$ 1.750.035,R$ 1.807.905,R$ 1.865.300,R$ 1.920.971
Margem Bruta,73%,73%,74%,74%,75%,77%,76%,75%,80%,79%,75%,78%,79%,79%,78%,78%,79%,79%,79%,79%,80%,79%,79%,80%,79%,80%,81%,82%,82%,83%,83%,84%,84%,85%,85%,86%,86%,87%,87%,87%,88%,88%,88%,88%,89%,89%,89%,89%,89%,89%,89%,89%,90%,90%,90%,90%,90%,90%,90%,90%,90%
Despesas,R$ 88.199,R$ 91.199,R$ 94.080,R$ 102.656,R$ 101.839,R$ 115.671,R$ 114.201,R$ 127.698,R$ 138.306,R$ 148.379,R$ 151.203,R$ 185.856,R$ 194.511,R$ 187.613,R$ 190.848,R$ 191.058,R$ 199.338,R$ 210.083,R$ 256.298,R$ 256.796,R$ 270.659,R$ 302.963,R$ 345.401,R$ 375.320,R$ 476.399,R$ 446.172,R$ 481.210,R$ 475.839,R$ 491.384,R$ 483.131,R$ 508.140,R$ 479.335,R$ 502.611,R$ 510.481,R$ 535.044,R$ 577.520,R$ 705.539,R$ 589.740,R$ 601.107,R$ 609.872,R$ 620.811,R$ 622.873,R$ 639.728,R$ 622.060,R$ 634.197,R$ 647.507,R$ 663.955,R$ 739.958,R$ 891.850,R$ 738.882,R$ 745.407,R$ 758.135,R$ 774.401,R$ 782.205,R$ 800.603,R$ 788.246,R$ 796.147,R$ 814.055,R$ 839.497,R$ 944.151,R$ 1.109.982
Salários,R$ 43.260,R$ 43.260,R$ 39.760,R$ 39.760,R$ 47.246,R$ 47.266,R$ 51.116,R$ 56.116,R$ 58.616,R$ 65.246,R$ 66.746,R$ 86.146,R$ 91.750,R$ 91.750,R$ 101.850,R$ 99.350,R$ 103.350,R$ 103.350,R$ 121.150,R$ 133.050,R$ 142.550,R$ 167.050,R$ 195.550,R$ 195.550,R$ 199.550,R$ 240.300,R$ 271.300,R$ 271.300,R$ 275.300,R$ 275.300,R$ 275.300,R$ 275.300,R$ 278.300,R$ 294.800,R$ 294.800,R$ 294.800,R$ 294.800,R$ 325.000,R$ 325.000,R$ 335.000,R$ 339.000,R$ 339.000,R$ 339.000,R$ 339.000,R$ 339.000,R$ 349.000,R$ 349.000,R$ 349.000,R$ 349.000,R$ 385.700,R$ 385.700,R$ 385.700,R$ 399.700,R$ 399.700,R$ 399.700,R$ 399.700,R$ 399.700,R$ 399.700,R$ 409.700,R$ 409.700,R$ 409.700
IRRF,R$ 1.184,R$ 1.184,R$ 1.184,R$ 1.184,R$ 1.184,R$ 1.184,R$ 1.184,R$ 1.184,R$ 1.434,R$ 944,R$ 1.434,R$ 1.434,R$ 1.434,R$ 1.434,R$ 1.434,R$ 1.434,R$ 1.434,R$ 1.434,R$ 1.434,R$ 1.434,R$ 1.434,R$ 1.434,R$ 1.434,R$ 1.434,R$ 1.434,R$ 1.434,R$ 1.434,R$ 1.434,R$ 1.434,R$ 1.434,R$ 1.434,R$ 1.434,R$ 1.434,R$ 1.434,R$ 1.434,R$ 1.434,R$ 1.434,R$ 1.434,R$ 1.434,R$ 1.434,R$ 1.434,R$ 1.434,R$ 1.434,R$ 1.434,R$ 1.434,R$ 1.434,R$ 1.434,R$ 1.434,R$ 1.434,R$ 1.434,R$ 1.434,R$ 1.434,R$ 1.434,R$ 1.434,R$ 1.434,R$ 1.434,R$ 1.434,R$ 1.434,R$ 1.434,R$ 1.434,R$ 1.434
INSS,R$ 1.334,R$ 1.334,R$ 1.334,R$ 1.334,R$ 1.683,R$ 1.377,R$ 1.377,R$ 1.377,R$ 1.702,R$ 1.702,R$ 1.702,R$ 2.924,R$ 5.460,R$ 5.460,R$ 5.928,R$ 5.603,R$ 6.123,R$ 6.123,R$ 7.462,R$ 7.969,R$ 8.424,R$ 8.424,R$ 8.424,R$ 8.424,R$ 8.424,R$ 10.751,R$ 11.791,R$ 11.791,R$ 12.311,R$ 12.311,R$ 12.311,R$ 12.311,R$ 12.311,R$ 12.311,R$ 12.311,R$ 12.311,R$ 12.311,R$ 15.262,R$ 15.262,R$ 15.262,R$ 15.782,R$ 15.782,R$ 15.782,R$ 15.782,R$ 15.782,R$ 15.782,R$ 15.782,R$ 15.782,R$ 15.782,R$ 18.733,R$ 18.733,R$ 18.733,R$ 19.253,R$ 19.253,R$ 19.253,R$ 19.253,R$ 19.253,R$ 19.253,R$ 19.253,R$ 19.253,R$ 19.253
FGTS,R$ 821,R$ 821,R$ 821,R$ 821,R$ 1.036,R$ 848,R$ 848,R$ 848,R$ 1.048,R$ 1.048,R$ 1.048,R$ 1.800,R$ 3.360,R$ 3.360,R$ 3.648,R$ 3.448,R$ 3.768,R$ 3.768,R$ 4.592,R$ 4.904,R$ 5.184,R$ 5.184,R$ 5.184,R$ 5.184,R$ 5.184,R$ 6.616,R$ 7.256,R$ 7.256,R$ 7.576,R$ 7.576,R$ 7.576,R$ 7.576,R$ 7.576,R$ 7.576,R$ 7.576,R$ 7.576,R$ 7.576,R$ 9.392,R$ 9.392,R$ 9.392,R$ 9.712,R$ 9.712,R$ 9.712,R$ 9.712,R$ 9.712,R$ 9.712,R$ 9.712,R$ 9.712,R$ 9.712,R$ 11.528,R$ 11.528,R$ 11.528,R$ 11.848,R$ 11.848,R$ 11.848,R$ 11.848,R$ 11.848,R$ 11.848,R$ 11.848,R$ 11.848,R$ 11.848
Comissão de Vendas,,R$ 1.300,R$ 4.098,R$ 4.098,R$ 4.098,R$ 4.918,R$ 4.918,R$ 1.503,R$ 1.739,R$ 9.179,R$ 9.179,R$ 9.179,R$ 4.863,R$ 3.248,R$ 3.297,R$ 3.346,R$ 3.396,R$ 3.447,R$ 3.499,R$ 8.352,R$ 3.605,R$ 3.659,R$ 8.514,R$ 3.769,R$ 8.626,R$ 7.767,R$ 17.483,R$ 8.001,R$ 17.722,R$ 8.243,R$ 17.967,R$ 8.492,R$ 18.220,R$ 8.749,R$ 18.480,R$ 9.014,R$ 18.749,R$ 18.886,R$ 19.025,R$ 19.167,R$ 19.310,R$ 19.456,R$ 19.604,R$ 19.754,R$ 19.906,R$ 20.061,R$ 20.218,R$ 20.377,R$ 20.538,R$ 20.703,R$ 20.869,R$ 21.038,R$ 21.210,R$ 21.384,R$ 21.561,R$ 21.740,R$ 21.922,R$ 22.107,R$ 22.295,R$ 22.485,R$ 22.678
Flash,R$ 6.800,R$ 6.800,R$ 6.800,R$ 7.650,R$ 8.500,R$ 6.800,R$ 8.500,R$ 8.500,R$ 9.350,R$ 10.200,R$ 10.200,R$ 11.050,R$ 12.750,R$ 12.750,R$ 14.450,R$ 13.600,R$ 13.600,R$ 14.450,R$ 17.000,R$ 18.700,R$ 18.700,R$ 19.550,R$ 19.550,R$ 19.550,R$ 20.400,R$ 25.500,R$ 26.350,R$ 26.350,R$ 27.200,R$ 27.200,R$ 27.200,R$ 28.050,R$ 28.050,R$ 28.050,R$ 28.050,R$ 28.900,R$ 28.900,R$ 34.000,R$ 34.000,R$ 34.850,R$ 34.850,R$ 35.700,R$ 35.700,R$ 36.550,R$ 36.550,R$ 37.400,R$ 37.400,R$ 38.250,R$ 39.100,R$ 44.200,R$ 45.050,R$ 45.900,R$ 46.750,R$ 46.750,R$ 47.600,R$ 48.450,R$ 49.300,R$ 50.150,R$ 51.000,R$ 51.850,R$ 52.700
Plano de Saúde,R$ 7.200,R$ 7.200,R$ 6.800,R$ 6.800,R$ 7.600,R$ 6.800,R$ 8.000,R$ 8.000,R$ 8.400,R$ 9.200,R$ 9.200,R$ 10.400,R$ 10.800,R$ 10.800,R$ 12.000,R$ 11.600,R$ 11.600,R$ 12.000,R$ 13.600,R$ 14.800,R$ 15.600,R$ 17.200,R$ 17.600,R$ 17.600,R$ 18.000,R$ 21.600,R$ 24.000,R$ 24.000,R$ 24.400,R$ 24.400,R$ 24.400,R$ 24.800,R$ 24.800,R$ 26.000,R$ 26.000,R$ 26.400,R$ 26.400,R$ 29.200,R$ 29.200,R$ 30.400,R$ 30.400,R$ 30.800,R$ 30.800,R$ 31.200,R$ 31.200,R$ 32.400,R$ 32.400,R$ 32.800,R$ 33.200,R$ 36.800,R$ 37.200,R$ 37.600,R$ 38.800,R$ 38.800,R$ 39.200,R$ 39.600,R$ 40.000,R$ 40.400,R$ 41.600,R$ 42.000,R$ 42.400
Gmypass,R$ 500,R$ 500,R$ 500,R$ 500,R$ 500,R$ 500,R$ 500,R$ 500,R$ 500,R$ 1.294,R$ 1.294,R$ 1.294,R$ 1.294,R$ 1.294,R$ 1.294,R$ 1.294,R$ 1.294,R$ 1.294,R$ 1.294,R$ 1.294,R$ 1.294,R$ 1.294,R$ 1.294,R$ 1.294,R$ 1.294,R$ 2.500,R$ 2.500,R$ 2.500,R$ 2.500,R$ 2.500,R$ 2.500,R$ 2.500,R$ 2.500,R$ 2.500,R$ 2.500,R$ 2.500,R$ 2.500,R$ 3.750,R$ 3.750,R$ 3.750,R$ 3.750,R$ 3.750,R$ 3.750,R$ 3.750,R$ 3.750,R$ 3.750,R$ 3.750,R$ 3.750,R$ 3.750,R$ 5.000,R$ 5.000,R$ 5.000,R$ 5.000,R$ 5.000,R$ 5.000,R$ 5.000,R$ 5.000,R$ 5.000,R$ 5.000,R$ 5.000,R$ 5.000
Saúde Ocupacional,,,,,,,R$ 200,R$ 200,R$ 200,R$ 200,R$ 200,R$ 200,R$ 237,R$ 237,R$ 269,R$ 253,R$ 253,R$ 269,R$ 316,R$ 348,R$ 348,R$ 363,R$ 363,R$ 363,R$ 379,R$ 474,R$ 490,R$ 490,R$ 506,R$ 506,R$ 506,R$ 521,R$ 521,R$ 521,R$ 521,R$ 537,R$ 537,R$ 632,R$ 632,R$ 648,R$ 648,R$ 664,R$ 664,R$ 679,R$ 679,R$ 695,R$ 695,R$ 711,R$ 727,R$ 822,R$ 837,R$ 853,R$ 869,R$ 869,R$ 885,R$ 901,R$ 916,R$ 932,R$ 948,R$ 964,R$ 980
Consultorias externas,R$ 2.900,R$ 6.700,R$ 7.100,R$ 7.100,R$ 7.100,R$ 8.300,R$ 7.100,R$ 7.100,R$ 7.100,R$ 7.100,R$ 7.100,R$ 7.100,R$ 7.100,R$ 7.100,R$ 7.100,R$ 7.100,R$ 7.100,R$ 7.100,R$ 7.100,R$ 7.100,R$ 7.100,R$ 7.100,R$ 7.100,R$ 7.100,R$ 7.100,R$ 7.100,R$ 7.100,R$ 7.100,R$ 7.100,R$ 7.100,R$ 7.100,R$ 7.100,R$ 7.100,R$ 7.100,R$ 7.100,R$ 7.100,R$ 7.100,R$ 7.100,R$ 7.100,R$ 7.100,R$ 7.100,R$ 7.100,R$ 7.100,R$ 7.100,R$ 7.100,R$ 7.100,R$ 7.100,R$ 7.100,R$ 7.100,R$ 7.100,R$ 7.100,R$ 7.100,R$ 7.100,R$ 7.100,R$ 7.100,R$ 7.100,R$ 7.100,R$ 7.100,R$ 7.100,R$ 7.100,R$ 7.100
Aluguel,R$ 4.200,R$ 4.200,R$ 4.200,R$ 4.200,R$ 4.200,R$ 3.528,R$ 3.528,R$ 3.824,R$ 3.824,R$ 998,R$ 998,R$ 998,R$ 998,R$ 998,R$ 998,R$ 998,R$ 998,R$ 998,R$ 13.566,R$ 14.763,R$ 15.561,R$ 17.157,R$ 17.556,R$ 17.556,R$ 17.955,R$ 37.746,R$ 41.940,R$ 41.940,R$ 42.639,R$ 42.639,R$ 42.639,R$ 43.338,R$ 43.338,R$ 45.435,R$ 45.435,R$ 46.134,R$ 46.134,R$ 51.027,R$ 51.027,R$ 53.124,R$ 53.124,R$ 53.823,R$ 53.823,R$ 54.522,R$ 54.522,R$ 56.619,R$ 56.619,R$ 57.318,R$ 58.017,R$ 64.308,R$ 65.007,R$ 65.706,R$ 67.803,R$ 67.803,R$ 68.502,R$ 69.201,R$ 69.900,R$ 70.599,R$ 72.696,R$ 73.395,R$ 74.094
Transporte,R$ 1.800,R$ 1.800,R$ 1.700,R$ 1.700,R$ 1.900,R$ 1.700,R$ 2.000,R$ 2.000,R$ 2.100,R$ 2.300,R$ 2.300,R$ 2.600,R$ 2.700,R$ 2.700,R$ 3.000,R$ 2.900,R$ 2.900,R$ 3.000,R$ 3.400,R$ 3.700,R$ 3.900,R$ 4.300,R$ 4.400,R$ 4.400,R$ 4.500,R$ 5.400,R$ 6.000,R$ 6.000,R$ 6.100,R$ 6.100,R$ 6.100,R$ 6.200,R$ 6.200,R$ 6.500,R$ 6.500,R$ 6.600,R$ 6.600,R$ 7.300,R$ 7.300,R$ 7.600,R$ 7.600,R$ 7.700,R$ 7.700,R$ 7.800,R$ 7.800,R$ 8.100,R$ 8.100,R$ 8.200,R$ 8.300,R$ 9.200,R$ 9.300,R$ 9.400,R$ 9.700,R$ 9.700,R$ 9.800,R$ 9.900,R$ 10.000,R$ 10.100,R$ 10.400,R$ 10.500,R$ 10.600
Gsuite,R$ 486,R$ 486,R$ 459,R$ 459,R$ 513,R$ 540,R$ 621,R$ 621,R$ 648,R$ 702,R$ 702,R$ 783,R$ 810,R$ 810,R$ 891,R$ 864,R$ 864,R$ 891,R$ 999,R$ 1.080,R$ 1.134,R$ 1.242,R$ 1.269,R$ 1.269,R$ 1.296,R$ 1.539,R$ 1.701,R$ 1.701,R$ 1.728,R$ 1.728,R$ 1.728,R$ 1.755,R$ 1.755,R$ 1.836,R$ 1.836,R$ 1.863,R$ 1.863,R$ 2.052,R$ 2.052,R$ 2.133,R$ 2.133,R$ 2.160,R$ 2.160,R$ 2.187,R$ 2.187,R$ 2.268,R$ 2.268,R$ 2.295,R$ 2.322,R$ 2.565,R$ 2.592,R$ 2.619,R$ 2.700,R$ 2.700,R$ 2.727,R$ 2.754,R$ 2.781,R$ 2.808,R$ 2.889,R$ 2.916,R$ 2.943
Notebook,R$ 0,-R$ 3.000,R$ 0,R$ 6.000,-R$ 6.000,R$ 9.000,R$ 0,R$ 3.000,R$ 6.000,R$ 0,R$ 9.000,R$ 3.000,R$ 0,R$ 9.000,-R$ 3.000,R$ 0,R$ 3.000,R$ 12.000,R$ 9.000,R$ 6.000,R$ 12.000,R$ 3.000,R$ 0,R$ 3.000,R$ 27.000,R$ 18.000,R$ 0,R$ 3.000,R$ 0,R$ 0,R$ 3.000,R$ 0,R$ 9.000,R$ 0,R$ 3.000,R$ 0,R$ 21.000,R$ 0,R$ 9.000,R$ 0,R$ 3.000,R$ 0,R$ 3.000,R$ 0,R$ 9.000,R$ 0,R$ 3.000,R$ 3.000,R$ 27.000,R$ 3.000,R$ 3.000,R$ 9.000,R$ 0,R$ 3.000,R$ 3.000,R$ 3.000,R$ 3.000,R$ 9.000,R$ 3.000,R$ 3.000,R$ 3.000
ERP,R$ 607,R$ 607,R$ 607,R$ 607,R$ 607,R$ 607,R$ 612,R$ 612,R$ 612,R$ 612,R$ 0,R$ 0,R$ 0,R$ 0,R$ 0,R$ 0,R$ 0,R$ 0,R$ 0,R$ 612,R$ 612,R$ 612,R$ 612,R$ 612,R$ 612,R$ 1.200,R$ 1.200,R$ 1.200,R$ 1.200,R$ 1.200,R$ 1.200,R$ 1.200,R$ 1.200,R$ 1.200,R$ 1.200,R$ 1.200,R$ 1.200,R$ 1.800,R$ 1.800,R$ 1.800,R$ 1.800,R$ 1.800,R$ 1.800,R$ 1.800,R$ 1.800,R$ 1.800,R$ 1.800,R$ 1.800,R$ 1.800,R$ 2.400,R$ 2.400,R$ 2.400,R$ 2.400,R$ 2.400,R$ 2.400,R$ 2.400,R$ 2.400,R$ 2.400,R$ 2.400,R$ 2.400,R$ 2.400
Feedz,,,,,,,R$ 553,R$ 553,R$ 553,R$ 553,R$ 553,R$ 553,R$ 553,R$ 553,R$ 810,R$ 783,R$ 783,R$ 810,R$ 918,R$ 999,R$ 1.053,R$ 1.161,R$ 1.188,R$ 1.188,R$ 1.215,R$ 1.458,R$ 1.620,R$ 1.620,R$ 1.647,R$ 1.647,R$ 1.647,R$ 1.674,R$ 1.674,R$ 1.755,R$ 1.755,R$ 1.782,R$ 1.782,R$ 1.971,R$ 1.971,R$ 2.052,R$ 2.052,R$ 2.079,R$ 2.079,R$ 2.106,R$ 2.106,R$ 2.187,R$ 2.187,R$ 2.214,R$ 2.241,R$ 2.484,R$ 2.511,R$ 2.538,R$ 2.619,R$ 2.619,R$ 2.646,R$ 2.673,R$ 2.700,R$ 2.727,R$ 2.808,R$ 2.835,R$ 2.862
Endomarketing,R$ 900,R$ 900,R$ 850,R$ 850,R$ 950,R$ 850,R$ 1.000,R$ 1.200,R$ 1.260,R$ 1.380,R$ 1.380,R$ 1.560,R$ 1.620,R$ 1.620,R$ 1.800,R$ 1.740,R$ 1.740,R$ 1.800,R$ 2.040,R$ 2.220,R$ 2.340,R$ 2.580,R$ 2.640,R$ 2.640,R$ 2.700,R$ 3.240,R$ 3.600,R$ 3.600,R$ 3.660,R$ 3.660,R$ 3.660,R$ 3.720,R$ 3.720,R$ 3.900,R$ 3.900,R$ 3.960,R$ 3.960,R$ 4.380,R$ 4.380,R$ 4.560,R$ 4.560,R$ 4.620,R$ 4.620,R$ 4.680,R$ 4.680,R$ 4.860,R$ 4.860,R$ 4.920,R$ 4.980,R$ 5.520,R$ 5.580,R$ 5.640,R$ 5.820,R$ 5.820,R$ 5.880,R$ 5.940,R$ 6.000,R$ 6.060,R$ 6.240,R$ 6.300,R$ 6.360
Educação,R$ 1.800,R$ 1.800,R$ 1.700,R$ 1.700,R$ 1.900,R$ 1.700,R$ 2.000,R$ 2.000,R$ 2.100,R$ 2.300,R$ 2.300,R$ 2.600,R$ 2.700,R$ 3.240,R$ 3.600,R$ 3.480,R$ 3.480,R$ 3.600,R$ 4.080,R$ 4.440,R$ 4.680,R$ 5.160,R$ 5.280,R$ 5.280,R$ 5.400,R$ 7.560,R$ 8.400,R$ 8.400,R$ 8.540,R$ 8.540,R$ 8.540,R$ 8.680,R$ 8.680,R$ 9.100,R$ 9.100,R$ 9.240,R$ 9.240,R$ 11.680,R$ 11.680,R$ 12.160,R$ 12.160,R$ 12.320,R$ 12.320,R$ 12.480,R$ 12.480,R$ 12.960,R$ 12.960,R$ 13.120,R$ 13.280,R$ 16.560,R$ 16.740,R$ 16.920,R$ 17.460,R$ 17.460,R$ 17.640,R$ 17.820,R$ 18.000,R$ 18.180,R$ 18.720,R$ 18.900,R$ 19.080
CRM/Sales,R$ 2.167,R$ 2.167,R$ 2.167,R$ 2.167,R$ 2.167,R$ 2.167,R$ 2.167,R$ 2.167,R$ 2.167,R$ 2.167,R$ 2.167,R$ 2.167,R$ 2.167,R$ 2.167,R$ 2.167,R$ 2.167,R$ 2.167,R$ 2.167,R$ 2.167,R$ 2.167,R$ 2.167,R$ 2.167,R$ 2.167,R$ 2.167,R$ 2.167,R$ 2.167,R$ 2.167,R$ 2.167,R$ 2.167,R$ 2.167,R$ 2.167,R$ 2.167,R$ 2.167,R$ 2.167,R$ 2.167,R$ 2.167,R$ 2.167,R$ 2.167,R$ 2.167,R$ 2.167,R$ 2.167,R$ 2.167,R$ 2.167,R$ 2.167,R$ 2.167,R$ 2.167,R$ 2.167,R$ 2.167,R$ 2.167,R$ 2.167,R$ 2.167,R$ 2.167,R$ 2.167,R$ 2.167,R$ 2.167,R$ 2.167,R$ 2.167,R$ 2.167,R$ 2.167,R$ 2.167,R$ 2.167
RD Station,,,,,,,,,,R$ 3.737,R$ 3.737,R$ 3.737,,,,,,,,,,R$ 3.737,R$ 3.737,R$ 3.737,,,,,,,,,,R$ 3.737,R$ 3.737,R$ 3.737,,,,,,,,,,R$ 3.737,R$ 3.737,R$ 3.737,,,,,,,,,,R$ 3.737,R$ 3.737,R$ 3.737,
Makerketing Apps,R$ 238,R$ 238,R$ 238,R$ 238,R$ 238,R$ 238,R$ 238,R$ 238,R$ 238,R$ 238,R$ 238,R$ 238,R$ 366,R$ 366,R$ 366,R$ 366,R$ 366,R$ 366,R$ 366,R$ 366,R$ 366,R$ 366,R$ 366,R$ 366,R$ 366,R$ 366,R$ 366,R$ 366,R$ 366,R$ 366,R$ 366,R$ 366,R$ 366,R$ 366,R$ 366,R$ 366,R$ 366,R$ 366,R$ 366,R$ 366,R$ 366,R$ 366,R$ 366,R$ 366,R$ 366,R$ 366,R$ 366,R$ 366,R$ 366,R$ 366,R$ 366,R$ 366,R$ 366,R$ 366,R$ 366,R$ 366,R$ 366,R$ 366,R$ 366,R$ 366,R$ 366
Designer,R$ 1.500,R$ 1.500,R$ 1.500,R$ 1.500,R$ 1.500,R$ 1.500,R$ 1.500,R$ 1.500,R$ 1.500,R$ 0,R$ 0,R$ 0,R$ 0,R$ 0,R$ 0,R$ 0,R$ 0,R$ 0,R$ 0,R$ 0,R$ 0,R$ 0,R$ 0,R$ 0,R$ 0,R$ 0,R$ 0,R$ 0,R$ 0,R$ 0,R$ 0,R$ 0,R$ 0,R$ 0,R$ 0,R$ 0,R$ 0,R$ 0,R$ 0,R$ 0,R$ 0,R$ 0,R$ 0,R$ 0,R$ 0,R$ 0,R$ 0,R$ 0,R$ 0,R$ 0,R$ 0,R$ 0,R$ 0,R$ 0,R$ 0,R$ 0,R$ 0,R$ 0,R$ 0,R$ 0,R$ 0
Gestor de Tráfego,R$ 1.500,R$ 1.800,R$ 1.800,R$ 1.800,R$ 1.800,R$ 1.800,R$ 1.800,R$ 1.800,R$ 1.800,R$ 1.800,R$ 1.800,R$ 1.800,R$ 1.800,R$ 2.500,R$ 2.500,R$ 2.500,R$ 2.500,R$ 2.500,R$ 2.500,R$ 2.500,R$ 2.500,R$ 5.000,R$ 5.000,R$ 5.000,R$ 5.000,R$ 5.000,R$ 5.000,R$ 5.000,R$ 5.000,R$ 5.000,R$ 5.000,R$ 5.000,R$ 5.131,R$ 5.388,R$ 5.657,R$ 5.940,R$ 6.237,R$ 6.549,R$ 6.876,R$ 7.220,R$ 7.581,R$ 7.960,R$ 8.358,R$ 8.776,R$ 9.215,R$ 9.675,R$ 10.159,R$ 10.667,R$ 11.200,R$ 11.760,R$ 12.348,R$ 12.966,R$ 13.614,R$ 14.295,R$ 15.010,R$ 15.760,R$ 16.548,R$ 17.375,R$ 18.244,R$ 19.156,R$ 20.114
Ads,R$ 6.000,R$ 6.600,R$ 7.260,R$ 7.986,R$ 8.785,R$ 9.663,R$ 10.000,R$ 10.000,R$ 10.000,R$ 10.000,R$ 10.000,R$ 10.000,R$ 10.000,R$ 10.000,R$ 10.000,R$ 10.000,R$ 10.000,R$ 10.000,R$ 10.000,R$ 10.000,R$ 10.000,R$ 15.000,R$ 15.750,R$ 16.538,R$ 17.364,R$ 18.233,R$ 19.144,R$ 20.101,R$ 21.107,R$ 22.162,R$ 23.270,R$ 24.433,R$ 25.655,R$ 26.938,R$ 28.285,R$ 29.699,R$ 31.184,R$ 32.743,R$ 34.380,R$ 36.099,R$ 37.904,R$ 39.799,R$ 41.789,R$ 43.879,R$ 46.073,R$ 48.376,R$ 50.795,R$ 53.335,R$ 56.002,R$ 58.802,R$ 61.742,R$ 64.829,R$ 68.071,R$ 71.474,R$ 75.048,R$ 78.800,R$ 82.740,R$ 86.877,R$ 91.221,R$ 95.782,R$ 100.571
VideoMaker,R$ 1.000,R$ 1.000,R$ 1.000,R$ 1.000,R$ 1.000,R$ 1.000,R$ 1.000,R$ 1.000,R$ 0,R$ 0,R$ 0,R$ 0,R$ 0,R$ 0,R$ 0,R$ 0,R$ 0,R$ 0,R$ 0,R$ 0,R$ 0,R$ 0,R$ 0,R$ 0,R$ 0,R$ 0,R$ 0,R$ 0,R$ 0,R$ 0,R$ 0,R$ 0,R$ 0,R$ 0,R$ 0,R$ 0,R$ 0,R$ 0,R$ 0,R$ 0,R$ 0,R$ 0,R$ 0,R$ 0,R$ 0,R$ 0,R$ 0,R$ 0,R$ 0,R$ 0,R$ 0,R$ 0,R$ 0,R$ 0,R$ 0,R$ 0,R$ 0,R$ 0,R$ 0,R$ 0,R$ 0
Advogado,R$ 500,R$ 500,R$ 700,R$ 700,R$ 700,R$ 700,R$ 700,R$ 700,R$ 700,R$ 700,R$ 700,R$ 700,R$ 700,R$ 700,R$ 700,R$ 700,R$ 1.000,R$ 1.000,R$ 1.000,R$ 1.000,R$ 1.000,R$ 1.000,R$ 1.000,R$ 1.000,R$ 1.000,R$ 1.000,R$ 1.000,R$ 1.000,R$ 1.500,R$ 1.500,R$ 1.500,R$ 1.500,R$ 1.500,R$ 1.500,R$ 1.500,R$ 1.500,R$ 1.500,R$ 1.500,R$ 1.500,R$ 1.500,R$ 2.000,R$ 2.000,R$ 2.000,R$ 2.000,R$ 2.000,R$ 2.000,R$ 2.000,R$ 2.000,R$ 2.000,R$ 2.000,R$ 2.000,R$ 2.000,R$ 2.500,R$ 2.500,R$ 2.500,R$ 2.500,R$ 2.500,R$ 2.500,R$ 2.500,R$ 2.500,R$ 2.500
DPO as Servive,,,,,,,,,,,,,R$ 1.750,R$ 1.750,R$ 1.750,R$ 1.750,R$ 1.750,R$ 1.750,R$ 1.750,R$ 1.750,R$ 1.750,R$ 1.750,R$ 1.750,R$ 1.750,R$ 1.750,R$ 1.750,R$ 1.750,R$ 1.750,R$ 1.750,R$ 1.750,R$ 1.750,R$ 1.750,R$ 1.750,R$ 1.750,R$ 1.750,R$ 1.750,R$ 1.750,R$ 1.750,R$ 1.750,R$ 1.750,R$ 1.750,R$ 1.750,R$ 1.750,R$ 1.750,R$ 1.750,R$ 1.750,R$ 1.750,R$ 1.750,R$ 1.750,R$ 1.750,R$ 1.750,R$ 1.750,R$ 1.750,R$ 1.750,R$ 1.750,R$ 1.750,R$ 1.750,R$ 1.750,R$ 1.750,R$ 1.750,R$ 1.750
D4sign,R$ 140,R$ 140,R$ 140,R$ 140,R$ 140,R$ 140,R$ 140,R$ 140,R$ 140,R$ 140,R$ 140,R$ 140,R$ 140,R$ 140,R$ 140,R$ 140,R$ 140,R$ 140,R$ 140,R$ 140,R$ 140,R$ 140,R$ 140,R$ 140,R$ 140,R$ 140,R$ 140,R$ 140,R$ 140,R$ 140,R$ 140,R$ 140,R$ 140,R$ 140,R$ 140,R$ 140,R$ 140,R$ 140,R$ 140,R$ 140,R$ 140,R$ 140,R$ 140,R$ 140,R$ 140,R$ 140,R$ 140,R$ 140,R$ 140,R$ 140,R$ 140,R$ 140,R$ 140,R$ 140,R$ 140,R$ 140,R$ 140,R$ 140,R$ 140,R$ 140,R$ 140
Contador,R$ 500,R$ 500,R$ 500,R$ 500,R$ 500,R$ 500,R$ 500,R$ 500,R$ 500,R$ 500,R$ 1.212,R$ 1.212,R$ 1.212,R$ 1.212,R$ 1.350,R$ 3.050,R$ 3.050,R$ 3.050,R$ 3.050,R$ 3.050,R$ 3.050,R$ 3.050,R$ 3.050,R$ 3.050,R$ 3.050,R$ 3.050,R$ 3.050,R$ 3.050,R$ 3.050,R$ 3.050,R$ 3.050,R$ 3.050,R$ 3.050,R$ 3.050,R$ 3.050,R$ 3.050,R$ 3.050,R$ 3.050,R$ 3.050,R$ 3.050,R$ 3.050,R$ 3.050,R$ 3.050,R$ 3.050,R$ 3.050,R$ 3.050,R$ 3.050,R$ 3.050,R$ 3.050,R$ 3.050,R$ 3.050,R$ 3.050,R$ 3.050,R$ 3.050,R$ 3.050,R$ 3.050,R$ 3.050,R$ 3.050,R$ 3.050,R$ 3.050,R$ 3.050
Telefone/Voip,R$ 400,R$ 400,R$ 400,R$ 400,R$ 480,R$ 480,R$ 480,R$ 480,R$ 480,R$ 480,R$ 480,R$ 480,R$ 560,R$ 560,R$ 560,R$ 560,R$ 560,R$ 560,R$ 560,R$ 640,R$ 640,R$ 640,R$ 720,R$ 720,R$ 720,R$ 1.120,R$ 1.120,R$ 1.120,R$ 1.120,R$ 1.120,R$ 1.120,R$ 1.120,R$ 1.120,R$ 1.120,R$ 1.120,R$ 1.120,R$ 1.120,R$ 1.120,R$ 1.120,R$ 1.120,R$ 1.120,R$ 1.120,R$ 1.120,R$ 1.120,R$ 1.120,R$ 1.120,R$ 1.120,R$ 1.120,R$ 1.120,R$ 1.120,R$ 1.120,R$ 1.120,R$ 1.120,R$ 1.120,R$ 1.120,R$ 1.120,R$ 1.120,R$ 1.120,R$ 1.120,R$ 1.120,R$ 1.120
"Associação (ACATE,ISB,Cubo)",R$ 462,R$ 462,R$ 462,R$ 462,R$ 462,R$ 462,R$ 462,R$ 486,R$ 486,R$ 486,R$ 486,R$ 486,R$ 1.236,R$ 1.236,R$ 1.236,R$ 1.236,R$ 1.236,R$ 1.236,R$ 1.236,R$ 1.236,R$ 1.236,R$ 1.236,R$ 1.236,R$ 1.236,R$ 1.236,R$ 1.236,R$ 1.236,R$ 1.236,R$ 1.236,R$ 1.236,R$ 1.236,R$ 1.236,R$ 1.236,R$ 1.236,R$ 1.236,R$ 1.236,R$ 1.236,R$ 1.236,R$ 1.236,R$ 1.236,R$ 1.236,R$ 1.236,R$ 1.236,R$ 1.236,R$ 1.236,R$ 1.236,R$ 1.236,R$ 1.236,R$ 1.236,R$ 1.236,R$ 1.236,R$ 1.236,R$ 1.236,R$ 1.236,R$ 1.236,R$ 1.236,R$ 1.236,R$ 1.236,R$ 1.236,R$ 1.236,R$ 1.236
Enfermeira,,,,,,,,,R$ 3.500,R$ 3.500,R$ 3.500,R$ 3.500,R$ 0,R$ 0,R$ 0,R$ 0,R$ 0,R$ 0,R$ 0,R$ 0,R$ 0,R$ 0,R$ 0,R$ 0,R$ 0,R$ 0,R$ 0,R$ 0,R$ 0,R$ 0,R$ 0,R$ 0,R$ 0,R$ 0,R$ 0,R$ 0,R$ 0,R$ 0,R$ 0,R$ 0,R$ 0,R$ 0,R$ 0,R$ 0,R$ 0,R$ 0,R$ 0,R$ 0,R$ 0,R$ 0,R$ 0,R$ 0,R$ 0,R$ 0,R$ 0,R$ 0,R$ 0,R$ 0,R$ 0,R$ 0,R$ 0
Evento,,,,,,,,R$ 8.333,R$ 8.333,R$ 8.333,,,,R$ 9.000,R$ 9.000,R$ 9.000,R$ 9.000,R$ 9.000,R$ 20.000,,,,R$ 10.000,,R$ 67.500,R$ 9.000,R$ 9.000,R$ 9.000,R$ 9.000,R$ 9.000,R$ 20.000,,,,R$ 10.000,,R$ 99.000,R$ 9.000,R$ 9.000,R$ 9.000,R$ 9.000,R$ 9.000,R$ 20.000,,,,R$ 10.000,,R$ 124.500,R$ 9.000,R$ 9.000,R$ 9.000,R$ 9.000,R$ 9.000,R$ 20.000,,,,R$ 10.000,,R$ 159.000
,,,,,,,,,,,,,,,,,,,,,,,,,,,,,,,,,,,,,,,,,,,,,,,,,,,,,,,,,,,,,
13,,,,,,,,,,,,R$ 16.298,R$ 24.600,,,,,,,,,,,R$ 40.750,R$ 42.250,,,,,,,,,,,R$ 60.700,R$ 60.700,,,,,,,,,,,R$ 80.050,R$ 81.050,,,,,,,,,,,R$ 105.900,R$ 107.400
Viagens,R$ 0,R$ 0,R$ 0,R$ 1.000,R$ 1.050,R$ 1.103,R$ 1.158,R$ 1.216,R$ 1.276,R$ 1.340,R$ 1.407,R$ 1.477,R$ 1.551,R$ 1.629,R$ 1.710,R$ 1.796,R$ 1.886,R$ 1.980,R$ 2.079,R$ 2.183,R$ 2.292,R$ 2.407,R$ 2.527,R$ 2.653,R$ 2.786,R$ 2.925,R$ 3.072,R$ 3.225,R$ 3.386,R$ 3.556,R$ 3.733,R$ 3.920,R$ 4.116,R$ 4.322,R$ 4.538,R$ 4.765,R$ 5.003,R$ 5.253,R$ 5.516,R$ 5.792,R$ 6.081,R$ 6.385,R$ 6.705,R$ 7.040,R$ 7.392,R$ 7.762,R$ 8.150,R$ 8.557,R$ 8.985,R$ 9.434,R$ 9.906,R$ 10.401,R$ 10.921,R$ 11.467,R$ 12.041,R$ 12.643,R$ 13.275,R$ 13.939,R$ 14.636,R$ 15.367,R$ 16.136
,,,,,,,,,,,,,,,,,,,,,,,,,,,,,,,,,,,,,,,,,,,,,,,,,,,,,,,,,,,,,
EBITDA,"-R$ 4.581,81","-R$ 2.649,36","R$ 967,54","-R$ 2.926,84","R$ 5.598,21","R$ 2.012,31","R$ 7.064,58","R$ 2.980,93","R$ 12.276,64","R$ 14.282,01","R$ 15.420,97","R$ 2.532,72","-R$ 29.477,10","-R$ 22.258,59","-R$ 11.902,43","R$ 526,76","R$ 6.565,10","R$ 5.641,85","-R$ 30.638,38","-R$ 21.182,01","-R$ 12.795,65","-R$ 41.037,21","-R$ 70.617,28","-R$ 78.722,76","-R$ 174.484,77","-R$ 119.633,60","-R$ 128.105,34","-R$ 83.715,66","-R$ 88.286,53","-R$ 36.610,82","-R$ 46.473,09","R$ 26.169,77","R$ 21.628,75","R$ 63.209,83","R$ 58.228,68","R$ 65.314,08","-R$ 44.287,19","R$ 126.414,65","R$ 158.803,10","R$ 192.658,17","R$ 231.500,66","R$ 276.735,26","R$ 309.792,85","R$ 376.775,91","R$ 417.513,87","R$ 453.870,47","R$ 492.965,46","R$ 467.976,20","R$ 367.823,41","R$ 575.682,00","R$ 622.251,39","R$ 663.377,11","R$ 704.160,27","R$ 752.214,17","R$ 785.123,51","R$ 853.198,05","R$ 900.483,63","R$ 935.979,30","R$ 968.407,58","R$ 921.148,88","R$ 810.988,42"
Imposto,R$ 15.429,R$ 16.320,R$ 20.520,R$ 21.659,R$ 22.931,R$ 24.342,R$ 25.718,R$ 21.490,R$ 19.983,R$ 30.241,R$ 32.783,R$ 35.568,R$ 25.154,R$ 27.270,R$ 16.546,R$ 18.167,R$ 19.593,R$ 19.369,R$ 21.894,R$ 22.643,R$ 24.001,R$ 25.942,R$ 26.521,R$ 27.819,R$ 33.257,R$ 33.904,R$ 36.706,R$ 37.652,R$ 41.016,R$ 42.301,R$ 47.422,R$ 50.015,R$ 53.623,R$ 55.529,R$ 58.497,R$ 59.633,R$ 63.443,R$ 69.128,R$ 74.267,R$ 76.849,R$ 81.093,R$ 83.951,R$ 86.892,R$ 90.647,R$ 93.705,R$ 96.809,R$ 99.953,R$ 103.638,R$ 106.861,R$ 115.797,R$ 119.097,R$ 122.937,R$ 127.316,R$ 131.238,R$ 134.493,R$ 138.536,R$ 141.867,R$ 145.738,R$ 149.148,R$ 153.350,R$ 157.345
PIS,,,,,,,,,,,,,,,"R$ 1.369,70","R$ 1.497,20","R$ 1.596,94","R$ 1.690,55","R$ 1.779,77","R$ 1.865,94","R$ 1.950,23","R$ 2.101,61","R$ 2.168,26","R$ 2.262,89","R$ 2.411,01","R$ 2.485,47","R$ 2.643,82","R$ 2.824,57","R$ 3.096,56","R$ 3.186,80","R$ 3.479,76","R$ 3.596,81","R$ 3.911,30","R$ 4.044,27","R$ 4.385,73","R$ 4.516,44","R$ 4.868,43","R$ 5.007,62","R$ 5.368,73","R$ 5.665,85","R$ 5.981,53","R$ 6.310,29","R$ 6.648,64","R$ 6.994,39","R$ 7.346,18","R$ 7.703,21","R$ 8.065,00","R$ 8.431,33","R$ 8.802,10","R$ 9.177,29","R$ 9.556,94","R$ 9.941,15","R$ 10.329,99","R$ 10.723,59","R$ 11.098,13","R$ 11.476,95","R$ 11.860,17","R$ 12.247,91","R$ 12.640,28","R$ 13.037,40","R$ 13.439,42"
INSS,,,,,,,,,,,,,,,"R$ 4.640,00","R$ 5.152,50","R$ 5.711,50","R$ 4.674,00","R$ 6.424,00","R$ 6.424,00","R$ 7.049,00","R$ 7.674,00","R$ 7.674,00","R$ 8.149,00","R$ 12.300,00","R$ 12.300,00","R$ 13.725,00","R$ 13.100,00","R$ 14.100,00","R$ 14.600,00","R$ 17.175,00","R$ 18.750,00","R$ 19.625,00","R$ 20.375,00","R$ 20.375,00","R$ 20.375,00","R$ 21.125,00","R$ 25.600,00","R$ 27.600,00","R$ 27.600,00","R$ 29.100,00","R$ 29.100,00","R$ 29.100,00","R$ 29.850,00","R$ 29.850,00","R$ 29.850,00","R$ 29.850,00","R$ 30.350,00","R$ 30.350,00","R$ 36.025,00","R$ 36.025,00","R$ 36.525,00","R$ 37.525,00","R$ 38.025,00","R$ 38.025,00","R$ 38.775,00","R$ 38.775,00","R$ 39.275,00","R$ 39.275,00","R$ 40.025,00","R$ 40.525,00"
Cofins,,,,,,,,,,,,,,,"R$ 6.321,67","R$ 6.910,17","R$ 7.370,50","R$ 7.802,54","R$ 8.214,30","R$ 8.612,04","R$ 9.001,08","R$ 9.699,74","R$ 10.007,35","R$ 10.444,11","R$ 11.127,72","R$ 11.471,39","R$ 12.202,26","R$ 13.036,47","R$ 14.291,80","R$ 14.708,31","R$ 16.060,45","R$ 16.600,67","R$ 18.052,16","R$ 18.665,84","R$ 20.241,84","R$ 20.845,10","R$ 22.469,67","R$ 23.112,07","R$ 24.778,74","R$ 26.150,06","R$ 27.607,04","R$ 29.124,41","R$ 30.686,05","R$ 32.281,82","R$ 33.905,46","R$ 35.553,26","R$ 37.223,08","R$ 38.913,83","R$ 40.625,06","R$ 42.356,71","R$ 44.108,97","R$ 45.882,22","R$ 47.676,89","R$ 49.493,50","R$ 51.222,14","R$ 52.970,54","R$ 54.739,25","R$ 56.528,79","R$ 58.339,73","R$ 60.172,64","R$ 62.028,07"
ISS,,,,,,,,,,,,,,,"R$ 4.214,45","R$ 4.606,78","R$ 4.913,67","R$ 5.201,70","R$ 5.476,20","R$ 5.741,36","R$ 6.000,72","R$ 6.466,50","R$ 6.671,56","R$ 6.962,74","R$ 7.418,48","R$ 7.647,59","R$ 8.134,84","R$ 8.690,98","R$ 9.527,86","R$ 9.805,54","R$ 10.706,96","R$ 11.067,12","R$ 12.034,77","R$ 12.443,89","R$ 13.494,56","R$ 13.896,73","R$ 14.979,78","R$ 15.408,05","R$ 16.519,16","R$ 17.433,38","R$ 18.404,69","R$ 19.416,27","R$ 20.457,37","R$ 21.521,21","R$ 22.603,64","R$ 23.702,17","R$ 24.815,39","R$ 25.942,56","R$ 27.083,37","R$ 28.237,80","R$ 29.405,98","R$ 30.588,14","R$ 31.784,59","R$ 32.995,67","R$ 34.148,09","R$ 35.313,70","R$ 36.492,83","R$ 37.685,86","R$ 38.893,16","R$ 40.115,09","R$ 41.352,05"
IRPJ,,,,,,,,,,,,,,,"R$ 0,00","R$ 0,00","R$ 0,00","R$ 0,00","R$ 0,00","R$ 0,00","R$ 0,00","R$ 0,00","R$ 0,00","R$ 0,00","R$ 0,00","R$ 0,00","R$ 0,00","R$ 0,00","R$ 0,00","R$ 0,00","R$ 0,00","R$ 0,00","R$ 0,00","R$ 0,00","R$ 0,00","R$ 0,00","R$ 0,00","R$ 0,00","R$ 0,00","R$ 0,00","R$ 0,00","R$ 0,00","R$ 0,00","R$ 0,00","R$ 0,00","R$ 0,00","R$ 0,00","R$ 0,00","R$ 0,00","R$ 0,00","R$ 0,00","R$ 0,00","R$ 0,00","R$ 0,00","R$ 0,00","R$ 0,00","R$ 0,00","R$ 0,00","R$ 0,00","R$ 0,00","R$ 0,00"
CSLL,,,,,,,,,,,,,,,"R$ 0,00","R$ 0,00","R$ 0,00","R$ 0,00","R$ 0,00","R$ 0,00","R$ 0,00","R$ 0,00","R$ 0,00","R$ 0,00","R$ 0,00","R$ 0,00","R$ 0,00","R$ 0,00","R$ 0,00","R$ 0,00","R$ 0,00","R$ 0,00","R$ 0,00","R$ 0,00","R$ 0,00","R$ 0,00","R$ 0,00","R$ 0,00","R$ 0,00","R$ 0,00","R$ 0,00","R$ 0,00","R$ 0,00","R$ 0,00","R$ 0,00","R$ 0,00","R$ 0,00","R$ 0,00","R$ 0,00","R$ 0,00","R$ 0,00","R$ 0,00","R$ 0,00","R$ 0,00","R$ 0,00","R$ 0,00","R$ 0,00","R$ 0,00","R$ 0,00","R$ 0,00","R$ 0,00"
Aliquota,14%,14%,16%,16%,16%,16%,16%,16%,16%,16%,16%,16%,13%,13%,,,,,,,,,,,,,,,,,,,,,,,,,,,,,,,,,,,,,,,,,,,,,,,
,,,,,,,,,,,,,,,,,,,,,,,,,,,,,,,,,,,,,,,,,,,,,,,,,,,,,,,,,,,,,
,,,,,,,,,,,,,,,,,,,,,,,,,,,,,,,,,,,,,,,,,,,,,,,,,,,,,,,,,,,,,
,,,,,,,,,,,,,,,,,,,,,,,,,,,,,,,,,,,,,,,,,,,,,,,,,,,,,,,,,,,,,
Resultado,-R$ 20.011,-R$ 18.970,-R$ 19.553,-R$ 24.586,-R$ 17.333,-R$ 22.330,-R$ 18.653,-R$ 18.510,-R$ 7.706,-R$ 15.959,-R$ 17.362,-R$ 33.035,-R$ 54.631,-R$ 49.528,-R$ 28.448,-R$ 17.640,-R$ 13.028,-R$ 13.727,-R$ 52.533,-R$ 43.825,-R$ 36.797,-R$ 66.979,-R$ 97.138,-R$ 106.541,-R$ 207.742,-R$ 153.538,-R$ 164.811,-R$ 121.368,-R$ 129.303,-R$ 78.911,-R$ 93.895,-R$ 23.845,-R$ 31.994,R$ 7.681,-R$ 268,R$ 5.681,-R$ 107.730,R$ 57.287,R$ 84.536,R$ 115.809,R$ 150.407,R$ 192.784,R$ 222.901,R$ 286.128,R$ 323.809,R$ 357.062,R$ 393.012,R$ 364.338,R$ 260.963,R$ 459.885,R$ 503.154,R$ 540.441,R$ 576.844,R$ 620.976,R$ 650.630,R$ 714.662,R$ 758.616,R$ 790.242,R$ 819.259,R$ 767.799,R$ 653.644
Entrada de Investimento,R$ 0,R$ 0,R$ 0,R$ 0,R$ 125.000,R$ 0,,R$ 250.000,R$ 0,R$ 0,R$ 0,R$ 0,R$ 0,R$ 0,R$ 0,R$ 0,R$ 0,R$ 1.500.000,R$ 0,R$ 0,R$ 0,R$ 0,R$ 0,R$ 0,R$ 0,R$ 0,R$ 0,R$ 0,R$ 0,R$ 0,R$ 0,R$ 0,R$ 0,R$ 0,R$ 0,R$ 0,R$ 0,R$ 0,R$ 0,R$ 0,R$ 0,R$ 0,R$ 0,R$ 0,R$ 0,R$ 0,R$ 0,R$ 0,R$ 0,R$ 0,R$ 0,R$ 0,R$ 0,R$ 0,R$ 0,R$ 0,R$ 0,R$ 0,R$ 0,R$ 0,R$ 0
Caixa Acumulado,R$ 268.257,R$ 249.288,R$ 229.735,R$ 205.149,R$ 312.816,R$ 290.487,R$ 99.500,R$ 330.990,R$ 323.284,R$ 307.325,R$ 289.963,R$ 256.928,R$ 202.297,R$ 152.769,R$ 124.320,R$ 106.681,R$ 93.653,R$ 1.579.926,R$ 1.527.393,R$ 1.483.568,R$ 1.446.771,R$ 1.379.792,R$ 1.282.654,R$ 1.176.112,R$ 968.370,R$ 814.832,R$ 650.021,R$ 528.653,R$ 399.351,R$ 320.439,R$ 226.544,R$ 202.699,R$ 170.705,R$ 178.385,R$ 178.117,R$ 183.798,R$ 76.068,R$ 133.355,R$ 217.891,R$ 333.700,R$ 484.107,R$ 676.892,R$ 899.792,R$ 1.185.921,R$ 1.509.730,R$ 1.866.791,R$ 2.259.803,R$ 2.624.142,R$ 2.885.105,R$ 3.344.990,R$ 3.848.144,R$ 4.388.585,R$ 4.965.429,R$ 5.586.405,R$ 6.237.035,R$ 6.951.697,R$ 7.710.314,R$ 8.500.555,R$ 9.319.815,R$ 10.087.614,R$ 10.741.257
,,,,,,,,,,,,,,,,,,,,,,,,,,,,,,,,,,,,,,,,,,,,,,,,,,,,,,,,,,,,,
Saídas,,,,,,,,,,,,,,,,,,,,,,,,,,,,,,,,,,,,,,,,,,,,,,,,,,,,,,,,,,,,,